tradingsymbol,name,instrument_type,segment,exchange,data_type,key,from,to
NIFTY 50,NIFTY 50,EQ,INDICES,NSE,minute,NIFTY_50__EQ__INDICES__NSE__MINUTE,2017-01-01 00:00:00+05:30,2021-01-01 23:59:59+05:30
NIFTY 100,NIFTY 100,EQ,INDICES,NSE,minute,NIFTY_100__EQ__INDICES__NSE__MINUTE,2017-01-01 00:00:00+05:30,2021-01-01 23:59:59+05:30
NIFTY 500,NIFTY 500,EQ,INDICES,NSE,minute,NIFTY_500__EQ__INDICES__NSE__MINUTE,2019-07-02 00:00:00+05:30,2021-01-01 23:59:59+05:30
NIFTY AUTO,NIFTY AUTO,EQ,INDICES,NSE,minute,NIFTY_AUTO__EQ__INDICES__NSE__MINUTE,2017-01-01 00:00:00+05:30,2021-01-01 23:59:59+05:30
NIFTY BANK,NIFTY BANK,EQ,INDICES,NSE,minute,NIFTY_BANK__EQ__INDICES__NSE__MINUTE,2017-01-01 00:00:00+05:30,2021-01-01 23:59:59+05:30
NIFTY COMMODITIES,NIFTY COMMODITIES,EQ,INDICES,NSE,minute,NIFTY_COMMODITIES__EQ__INDICES__NSE__MINUTE,2018-12-10 00:00:00+05:30,2021-01-01 23:59:59+05:30
NIFTY FIN SERVICE,NIFTY FIN SERVICE,EQ,INDICES,NSE,minute,NIFTY_FIN_SERVICE__EQ__INDICES__NSE__MINUTE,2017-01-01 00:00:00+05:30,2021-01-01 23:59:59+05:30
NIFTY ENERGY,NIFTY ENERGY,EQ,INDICES,NSE,minute,NIFTY_ENERGY__EQ__INDICES__NSE__MINUTE,2017-01-01 00:00:00+05:30,2021-01-01 23:59:59+05:30
NIFTY MIDCAP 100,NIFTY MIDCAP 100,EQ,INDICES,NSE,minute,NIFTY_MIDCAP_100__EQ__INDICES__NSE__MINUTE,2018-12-10 00:00:00+05:30,2021-01-01 23:59:59+05:30
ADANIPORTS,ADANI PORT & SEZ,EQ,NSE,NSE,minute,ADANIPORTS__EQ__NSE__NSE__MINUTE,2017-01-01 00:00:00+05:30,2021-01-01 23:59:59+05:30
ASIANPAINT,ASIAN PAINTS,EQ,NSE,NSE,minute,ASIANPAINT__EQ__NSE__NSE__MINUTE,2017-01-01 00:00:00+05:30,2021-01-01 23:59:59+05:30
AXISBANK,AXIS BANK,EQ,NSE,NSE,minute,AXISBANK__EQ__NSE__NSE__MINUTE,2017-01-01 00:00:00+05:30,2021-01-01 23:59:59+05:30
BAJAJ-AUTO,BAJAJ AUTO,EQ,NSE,NSE,minute,BAJAJ_AUTO__EQ__NSE__NSE__MINUTE,2017-01-01 00:00:00+05:30,2021-01-01 23:59:59+05:30
BAJAJFINSV,BAJAJ FINSERV.,EQ,NSE,NSE,minute,BAJAJFINSV__EQ__NSE__NSE__MINUTE,2017-01-01 00:00:00+05:30,2021-01-01 23:59:59+05:30
BAJFINANCE,BAJAJ FINANCE,EQ,NSE,NSE,minute,BAJFINANCE__EQ__NSE__NSE__MINUTE,2017-01-01 00:00:00+05:30,2021-01-01 23:59:59+05:30
BHARTIARTL,BHARTI AIRTEL,EQ,NSE,NSE,minute,BHARTIARTL__EQ__NSE__NSE__MINUTE,2017-01-01 00:00:00+05:30,2021-01-01 23:59:59+05:30
BPCL,BHARAT PETROLEUM CORP  LT,EQ,NSE,NSE,minute,BPCL__EQ__NSE__NSE__MINUTE,2017-01-01 00:00:00+05:30,2021-01-01 23:59:59+05:30
BRITANNIA,BRITANNIA INDUSTRIES,EQ,NSE,NSE,minute,BRITANNIA__EQ__NSE__NSE__MINUTE,2017-01-01 00:00:00+05:30,2021-01-01 23:59:59+05:30
CIPLA,CIPLA,EQ,NSE,NSE,minute,CIPLA__EQ__NSE__NSE__MINUTE,2017-01-01 00:00:00+05:30,2021-01-01 23:59:59+05:30
COALINDIA,COAL INDIA,EQ,NSE,NSE,minute,COALINDIA__EQ__NSE__NSE__MINUTE,2017-01-01 00:00:00+05:30,2021-01-01 23:59:59+05:30
DIVISLAB,DIVI'S LABORATORIES,EQ,NSE,NSE,minute,DIVISLAB__EQ__NSE__NSE__MINUTE,2017-01-01 00:00:00+05:30,2021-01-01 23:59:59+05:30
DRREDDY,DR. REDDY'S LABORATORIES,EQ,NSE,NSE,minute,DRREDDY__EQ__NSE__NSE__MINUTE,2017-01-01 00:00:00+05:30,2021-01-01 23:59:59+05:30
EICHERMOT,EICHER MOTORS,EQ,NSE,NSE,minute,EICHERMOT__EQ__NSE__NSE__MINUTE,2017-01-01 00:00:00+05:30,2021-01-01 23:59:59+05:30
GAIL,GAIL (INDIA),EQ,NSE,NSE,minute,GAIL__EQ__NSE__NSE__MINUTE,2017-01-01 00:00:00+05:30,2021-01-01 23:59:59+05:30
GRASIM,GRASIM INDUSTRIES,EQ,NSE,NSE,minute,GRASIM__EQ__NSE__NSE__MINUTE,2017-01-01 00:00:00+05:30,2021-01-01 23:59:59+05:30
HCLTECH,HCL TECHNOLOGIES,EQ,NSE,NSE,minute,HCLTECH__EQ__NSE__NSE__MINUTE,2017-01-01 00:00:00+05:30,2021-01-01 23:59:59+05:30
HDFC,HDFC,EQ,NSE,NSE,minute,HDFC__EQ__NSE__NSE__MINUTE,2017-01-01 00:00:00+05:30,2021-01-01 23:59:59+05:30
HDFCBANK,HDFC BANK,EQ,NSE,NSE,minute,HDFCBANK__EQ__NSE__NSE__MINUTE,2017-01-01 00:00:00+05:30,2021-01-01 23:59:59+05:30
HDFCLIFE,HDFC LIFE INS CO,EQ,NSE,NSE,minute,HDFCLIFE__EQ__NSE__NSE__MINUTE,2017-11-17 00:00:00+05:30,2021-01-01 23:59:59+05:30
HEROMOTOCO,HERO MOTOCORP,EQ,NSE,NSE,minute,HEROMOTOCO__EQ__NSE__NSE__MINUTE,2017-01-01 00:00:00+05:30,2021-01-01 23:59:59+05:30
HINDALCO,HINDALCO  INDUSTRIES ,EQ,NSE,NSE,minute,HINDALCO__EQ__NSE__NSE__MINUTE,2017-01-01 00:00:00+05:30,2021-01-01 23:59:59+05:30
HINDUNILVR,HINDUSTAN UNILEVER.,EQ,NSE,NSE,minute,HINDUNILVR__EQ__NSE__NSE__MINUTE,2017-01-01 00:00:00+05:30,2021-01-01 23:59:59+05:30
ICICIBANK,ICICI BANK.,EQ,NSE,NSE,minute,ICICIBANK__EQ__NSE__NSE__MINUTE,2017-01-01 00:00:00+05:30,2021-01-01 23:59:59+05:30
INDUSINDBK,INDUSIND BANK,EQ,NSE,NSE,minute,INDUSINDBK__EQ__NSE__NSE__MINUTE,2017-01-01 00:00:00+05:30,2021-01-01 23:59:59+05:30
INFY,INFOSYS,EQ,NSE,NSE,minute,INFY__EQ__NSE__NSE__MINUTE,2017-01-01 00:00:00+05:30,2021-01-01 23:59:59+05:30
IOC,INDIAN OIL CORP,EQ,NSE,NSE,minute,IOC__EQ__NSE__NSE__MINUTE,2017-01-01 00:00:00+05:30,2021-01-01 23:59:59+05:30
ITC,ITC,EQ,NSE,NSE,minute,ITC__EQ__NSE__NSE__MINUTE,2017-01-01 00:00:00+05:30,2021-01-01 23:59:59+05:30
JSWSTEEL,JSW STEEL,EQ,NSE,NSE,minute,JSWSTEEL__EQ__NSE__NSE__MINUTE,2017-01-01 00:00:00+05:30,2021-01-01 23:59:59+05:30
KOTAKBANK,KOTAK MAHINDRA BANK,EQ,NSE,NSE,minute,KOTAKBANK__EQ__NSE__NSE__MINUTE,2017-01-01 00:00:00+05:30,2021-01-01 23:59:59+05:30
LT,LARSEN & TOUBRO.,EQ,NSE,NSE,minute,LT__EQ__NSE__NSE__MINUTE,2017-01-01 00:00:00+05:30,2021-01-01 23:59:59+05:30
M&M,MAHINDRA & MAHINDRA,EQ,NSE,NSE,minute,M_M__EQ__NSE__NSE__MINUTE,2017-01-01 00:00:00+05:30,2021-01-01 23:59:59+05:30
MARUTI,MARUTI SUZUKI INDIA.,EQ,NSE,NSE,minute,MARUTI__EQ__NSE__NSE__MINUTE,2017-01-01 00:00:00+05:30,2021-01-01 23:59:59+05:30
NESTLEIND,NESTLE INDIA,EQ,NSE,NSE,minute,NESTLEIND__EQ__NSE__NSE__MINUTE,2017-01-01 00:00:00+05:30,2021-01-01 23:59:59+05:30
NTPC,NTPC,EQ,NSE,NSE,minute,NTPC__EQ__NSE__NSE__MINUTE,2017-01-01 00:00:00+05:30,2021-01-01 23:59:59+05:30
ONGC,OIL AND NATURAL GAS CORP.,EQ,NSE,NSE,minute,ONGC__EQ__NSE__NSE__MINUTE,2017-01-01 00:00:00+05:30,2021-01-01 23:59:59+05:30
POWERGRID,POWER GRID CORP..,EQ,NSE,NSE,minute,POWERGRID__EQ__NSE__NSE__MINUTE,2017-01-01 00:00:00+05:30,2021-01-01 23:59:59+05:30
RELIANCE,RELIANCE INDUSTRIES,EQ,NSE,NSE,minute,RELIANCE__EQ__NSE__NSE__MINUTE,2017-01-01 00:00:00+05:30,2021-01-01 23:59:59+05:30
SBILIFE,SBI LIFE INSURANCE CO,EQ,NSE,NSE,minute,SBILIFE__EQ__NSE__NSE__MINUTE,2017-10-03 00:00:00+05:30,2021-01-01 23:59:59+05:30
SBIN,STATE BANK OF INDIA,EQ,NSE,NSE,minute,SBIN__EQ__NSE__NSE__MINUTE,2017-01-01 00:00:00+05:30,2021-01-01 23:59:59+05:30
SHREECEM,SHREE CEMENT,EQ,NSE,NSE,minute,SHREECEM__EQ__NSE__NSE__MINUTE,2017-01-01 00:00:00+05:30,2021-01-01 23:59:59+05:30
SUNPHARMA,SUN PHARMACEUTICAL IND L,EQ,NSE,NSE,minute,SUNPHARMA__EQ__NSE__NSE__MINUTE,2017-01-01 00:00:00+05:30,2021-01-01 23:59:59+05:30
TATAMOTORS,TATA MOTORS,EQ,NSE,NSE,minute,TATAMOTORS__EQ__NSE__NSE__MINUTE,2017-01-01 00:00:00+05:30,2021-01-01 23:59:59+05:30
TATASTEEL,TATA STEEL,EQ,NSE,NSE,minute,TATASTEEL__EQ__NSE__NSE__MINUTE,2017-01-01 00:00:00+05:30,2021-01-01 23:59:59+05:30
TCS,TATA CONSULTANCY SERV LT,EQ,NSE,NSE,minute,TCS__EQ__NSE__NSE__MINUTE,2017-01-01 00:00:00+05:30,2021-01-01 23:59:59+05:30
TECHM,TECH MAHINDRA,EQ,NSE,NSE,minute,TECHM__EQ__NSE__NSE__MINUTE,2017-01-01 00:00:00+05:30,2021-01-01 23:59:59+05:30
TITAN,TITAN COMPANY,EQ,NSE,NSE,minute,TITAN__EQ__NSE__NSE__MINUTE,2017-01-01 00:00:00+05:30,2021-01-01 23:59:59+05:30
ULTRACEMCO,ULTRATECH CEMENT,EQ,NSE,NSE,minute,ULTRACEMCO__EQ__NSE__NSE__MINUTE,2017-01-01 00:00:00+05:30,2021-01-01 23:59:59+05:30
UPL,UPL,EQ,NSE,NSE,minute,UPL__EQ__NSE__NSE__MINUTE,2017-01-01 00:00:00+05:30,2021-01-01 23:59:59+05:30
WIPRO,WIPRO,EQ,NSE,NSE,minute,WIPRO__EQ__NSE__NSE__MINUTE,2017-01-01 00:00:00+05:30,2021-01-01 23:59:59+05:30
AARTIIND,AARTI INDUSTRIES,EQ,NSE,NSE,minute,AARTIIND__EQ__NSE__NSE__MINUTE,2017-01-01 00:00:00+05:30,2021-01-01 23:59:59+05:30
ABCAPITAL,ADITYA BIRLA CAPITAL.,EQ,NSE,NSE,minute,ABCAPITAL__EQ__NSE__NSE__MINUTE,2017-09-01 00:00:00+05:30,2021-01-01 23:59:59+05:30
ABFRL,ADITYA BIRLA FASHION & RT,EQ,NSE,NSE,minute,ABFRL__EQ__NSE__NSE__MINUTE,2017-01-01 00:00:00+05:30,2021-01-01 23:59:59+05:30
ADANIENT,ADANI ENTERPRISES,EQ,NSE,NSE,minute,ADANIENT__EQ__NSE__NSE__MINUTE,2017-01-01 00:00:00+05:30,2021-01-01 23:59:59+05:30
ADANIGAS,ADANI GAS,EQ,NSE,NSE,minute,ADANIGAS__EQ__NSE__NSE__MINUTE,2018-11-05 00:00:00+05:30,2021-01-01 23:59:59+05:30
AJANTPHARM,AJANTA PHARMA,EQ,NSE,NSE,minute,AJANTPHARM__EQ__NSE__NSE__MINUTE,2017-01-01 00:00:00+05:30,2021-01-01 23:59:59+05:30
AMARAJABAT,AMARA RAJA BATTERIES.,EQ,NSE,NSE,minute,AMARAJABAT__EQ__NSE__NSE__MINUTE,2017-01-01 00:00:00+05:30,2021-01-01 23:59:59+05:30
APLLTD,ALEMBIC PHARMA,EQ,NSE,NSE,minute,APLLTD__EQ__NSE__NSE__MINUTE,2017-01-01 00:00:00+05:30,2021-01-01 23:59:59+05:30
APOLLOHOSP,APOLLO HOSPITALS ENTER. L,EQ,NSE,NSE,minute,APOLLOHOSP__EQ__NSE__NSE__MINUTE,2017-01-01 00:00:00+05:30,2021-01-01 23:59:59+05:30
APOLLOTYRE,APOLLO TYRES,EQ,NSE,NSE,minute,APOLLOTYRE__EQ__NSE__NSE__MINUTE,2017-01-01 00:00:00+05:30,2021-01-01 23:59:59+05:30
ASHOKLEY,ASHOK LEYLAND,EQ,NSE,NSE,minute,ASHOKLEY__EQ__NSE__NSE__MINUTE,2017-01-01 00:00:00+05:30,2021-01-01 23:59:59+05:30
AUBANK,AU SMALL FINANCE BANK,EQ,NSE,NSE,minute,AUBANK__EQ__NSE__NSE__MINUTE,2017-07-10 00:00:00+05:30,2021-01-01 23:59:59+05:30
BALKRISIND,BALKRISHNA IND.,EQ,NSE,NSE,minute,BALKRISIND__EQ__NSE__NSE__MINUTE,2017-01-01 00:00:00+05:30,2021-01-01 23:59:59+05:30
BANKINDIA,BANK OF INDIA,EQ,NSE,NSE,minute,BANKINDIA__EQ__NSE__NSE__MINUTE,2017-01-01 00:00:00+05:30,2021-01-01 23:59:59+05:30
BATAINDIA,BATA INDIA,EQ,NSE,NSE,minute,BATAINDIA__EQ__NSE__NSE__MINUTE,2017-01-01 00:00:00+05:30,2021-01-01 23:59:59+05:30
BBTC,BOMBAY BURMAH TRADING COR,EQ,NSE,NSE,minute,BBTC__EQ__NSE__NSE__MINUTE,2017-01-01 00:00:00+05:30,2021-01-01 23:59:59+05:30
BEL,BHARAT ELECTRONICS,EQ,NSE,NSE,minute,BEL__EQ__NSE__NSE__MINUTE,2017-01-01 00:00:00+05:30,2021-01-01 23:59:59+05:30
BHARATFORG,BHARAT FORGE,EQ,NSE,NSE,minute,BHARATFORG__EQ__NSE__NSE__MINUTE,2017-01-01 00:00:00+05:30,2021-01-01 23:59:59+05:30
BHEL,BHEL,EQ,NSE,NSE,minute,BHEL__EQ__NSE__NSE__MINUTE,2017-01-01 00:00:00+05:30,2021-01-01 23:59:59+05:30
CANBK,CANARA BANK,EQ,NSE,NSE,minute,CANBK__EQ__NSE__NSE__MINUTE,2017-01-01 00:00:00+05:30,2021-01-01 23:59:59+05:30
CASTROLIND,CASTROL INDIA,EQ,NSE,NSE,minute,CASTROLIND__EQ__NSE__NSE__MINUTE,2017-01-01 00:00:00+05:30,2021-01-01 23:59:59+05:30
CESC,CESC,EQ,NSE,NSE,minute,CESC__EQ__NSE__NSE__MINUTE,2017-01-01 00:00:00+05:30,2021-01-01 23:59:59+05:30
CHOLAFIN,CHOLAMANDALAM IN & FIN CO,EQ,NSE,NSE,minute,CHOLAFIN__EQ__NSE__NSE__MINUTE,2017-01-01 00:00:00+05:30,2021-01-01 23:59:59+05:30
COFORGE,COFORGE,EQ,NSE,NSE,minute,COFORGE__EQ__NSE__NSE__MINUTE,2017-01-01 00:00:00+05:30,2021-01-01 23:59:59+05:30
COROMANDEL,COROMANDEL INTERNTL.,EQ,NSE,NSE,minute,COROMANDEL__EQ__NSE__NSE__MINUTE,2017-01-01 00:00:00+05:30,2021-01-01 23:59:59+05:30
CROMPTON,CROMPT GREA CON ELEC,EQ,NSE,NSE,minute,CROMPTON__EQ__NSE__NSE__MINUTE,2017-01-01 00:00:00+05:30,2021-01-01 23:59:59+05:30
CUB,CITY UNION BANK,EQ,NSE,NSE,minute,CUB__EQ__NSE__NSE__MINUTE,2017-01-01 00:00:00+05:30,2021-01-01 23:59:59+05:30
CUMMINSIND,CUMMINS INDIA,EQ,NSE,NSE,minute,CUMMINSIND__EQ__NSE__NSE__MINUTE,2017-01-01 00:00:00+05:30,2021-01-01 23:59:59+05:30
DALBHARAT,DALMIA BHARAT,EQ,NSE,NSE,minute,DALBHARAT__EQ__NSE__NSE__MINUTE,2019-01-22 00:00:00+05:30,2021-01-01 23:59:59+05:30
DHANI,DHANI SERVICES,EQ,NSE,NSE,minute,DHANI__EQ__NSE__NSE__MINUTE,2017-01-01 00:00:00+05:30,2021-01-01 23:59:59+05:30
EDELWEISS,EDELWEISS FIN SERV,EQ,NSE,NSE,minute,EDELWEISS__EQ__NSE__NSE__MINUTE,2017-01-01 00:00:00+05:30,2021-01-01 23:59:59+05:30
EMAMILTD,EMAMI,EQ,NSE,NSE,minute,EMAMILTD__EQ__NSE__NSE__MINUTE,2017-01-01 00:00:00+05:30,2021-01-01 23:59:59+05:30
ENDURANCE,ENDURANCE TECHNO..,EQ,NSE,NSE,minute,ENDURANCE__EQ__NSE__NSE__MINUTE,2017-01-01 00:00:00+05:30,2021-01-01 23:59:59+05:30
ESCORTS,ESCORTS INDIA,EQ,NSE,NSE,minute,ESCORTS__EQ__NSE__NSE__MINUTE,2017-01-01 00:00:00+05:30,2021-01-01 23:59:59+05:30
EXIDEIND,EXIDE INDUSTRIES,EQ,NSE,NSE,minute,EXIDEIND__EQ__NSE__NSE__MINUTE,2017-01-01 00:00:00+05:30,2021-01-01 23:59:59+05:30
FEDERALBNK,FEDERAL BANK,EQ,NSE,NSE,minute,FEDERALBNK__EQ__NSE__NSE__MINUTE,2017-01-01 00:00:00+05:30,2021-01-01 23:59:59+05:30
FORTIS,FORTIS HEALTHCARE,EQ,NSE,NSE,minute,FORTIS__EQ__NSE__NSE__MINUTE,2017-01-01 00:00:00+05:30,2021-01-01 23:59:59+05:30
FRETAIL,FUTURE RETAIL,EQ,NSE,NSE,minute,FRETAIL__EQ__NSE__NSE__MINUTE,2017-01-01 00:00:00+05:30,2021-01-01 23:59:59+05:30
GLENMARK,GLENMARK PHARMACEUTICALS,EQ,NSE,NSE,minute,GLENMARK__EQ__NSE__NSE__MINUTE,2017-01-01 00:00:00+05:30,2021-01-01 23:59:59+05:30
GMRINFRA,GMR INFRASTRUCTURE.,EQ,NSE,NSE,minute,GMRINFRA__EQ__NSE__NSE__MINUTE,2017-01-01 00:00:00+05:30,2021-01-01 23:59:59+05:30
GODREJAGRO,GODREJ AGROVET,EQ,NSE,NSE,minute,GODREJAGRO__EQ__NSE__NSE__MINUTE,2017-10-16 00:00:00+05:30,2021-01-01 23:59:59+05:30
GODREJIND,GODREJ INDUSTRIES,EQ,NSE,NSE,minute,GODREJIND__EQ__NSE__NSE__MINUTE,2017-01-01 00:00:00+05:30,2021-01-01 23:59:59+05:30
GODREJPROP,GODREJ PROPERTIES,EQ,NSE,NSE,minute,GODREJPROP__EQ__NSE__NSE__MINUTE,2017-01-01 00:00:00+05:30,2021-01-01 23:59:59+05:30
GSPL,GUJARAT STATE PETRO,EQ,NSE,NSE,minute,GSPL__EQ__NSE__NSE__MINUTE,2017-01-01 00:00:00+05:30,2021-01-01 23:59:59+05:30
GUJGASLTD,GUJARAT GAS,EQ,NSE,NSE,minute,GUJGASLTD__EQ__NSE__NSE__MINUTE,2017-01-01 00:00:00+05:30,2021-01-01 23:59:59+05:30
HUDCO,HSG & URBAN DEV CORPN,EQ,NSE,NSE,minute,HUDCO__EQ__NSE__NSE__MINUTE,2017-05-19 00:00:00+05:30,2021-01-01 23:59:59+05:30
IBULHSGFIN,INDIABULLS HSG FIN,EQ,NSE,NSE,minute,IBULHSGFIN__EQ__NSE__NSE__MINUTE,2017-01-01 00:00:00+05:30,2021-01-01 23:59:59+05:30
IDEA,VODAFONE IDEA,EQ,NSE,NSE,minute,IDEA__EQ__NSE__NSE__MINUTE,2017-01-01 00:00:00+05:30,2021-01-01 23:59:59+05:30
IDFCFIRSTB,IDFC FIRST BANK,EQ,NSE,NSE,minute,IDFCFIRSTB__EQ__NSE__NSE__MINUTE,2017-01-01 00:00:00+05:30,2021-01-01 23:59:59+05:30
INDHOTEL,THE INDIAN HOTELS CO.,EQ,NSE,NSE,minute,INDHOTEL__EQ__NSE__NSE__MINUTE,2017-01-01 00:00:00+05:30,2021-01-01 23:59:59+05:30
IPCALAB,IPCA LABORATORIES,EQ,NSE,NSE,minute,IPCALAB__EQ__NSE__NSE__MINUTE,2017-01-01 00:00:00+05:30,2021-01-01 23:59:59+05:30
IRCTC,INDIAN RAIL TOUR CORP,EQ,NSE,NSE,minute,IRCTC__EQ__NSE__NSE__MINUTE,2019-10-14 00:00:00+05:30,2021-01-01 23:59:59+05:30
ISEC,ICICI SECURITIES,EQ,NSE,NSE,minute,ISEC__EQ__NSE__NSE__MINUTE,2018-04-04 00:00:00+05:30,2021-01-01 23:59:59+05:30
JINDALSTEL,JINDAL STEEL & POWER,EQ,NSE,NSE,minute,JINDALSTEL__EQ__NSE__NSE__MINUTE,2017-01-01 00:00:00+05:30,2021-01-01 23:59:59+05:30
JSWENERGY,JSW ENERGY,EQ,NSE,NSE,minute,JSWENERGY__EQ__NSE__NSE__MINUTE,2017-01-01 00:00:00+05:30,2021-01-01 23:59:59+05:30
JUBLFOOD,JUBILANT FOODWORKS,EQ,NSE,NSE,minute,JUBLFOOD__EQ__NSE__NSE__MINUTE,2017-01-01 00:00:00+05:30,2021-01-01 23:59:59+05:30
L&TFH,L&T FINANCE HOLDINGS,EQ,NSE,NSE,minute,L_TFH__EQ__NSE__NSE__MINUTE,2017-01-01 00:00:00+05:30,2021-01-01 23:59:59+05:30
LALPATHLAB,DR. LAL PATH LABS.,EQ,NSE,NSE,minute,LALPATHLAB__EQ__NSE__NSE__MINUTE,2017-01-01 00:00:00+05:30,2021-01-01 23:59:59+05:30
LICHSGFIN,LIC HOUSING FINANCE,EQ,NSE,NSE,minute,LICHSGFIN__EQ__NSE__NSE__MINUTE,2017-01-01 00:00:00+05:30,2021-01-01 23:59:59+05:30
LTTS,L&T TECHNOLOGY SER..,EQ,NSE,NSE,minute,LTTS__EQ__NSE__NSE__MINUTE,2017-01-01 00:00:00+05:30,2021-01-01 23:59:59+05:30
M&MFIN,M&M FIN. SERVICES,EQ,NSE,NSE,minute,M_MFIN__EQ__NSE__NSE__MINUTE,2017-01-01 00:00:00+05:30,2021-01-01 23:59:59+05:30
MANAPPURAM,MANAPPURAM FINANCE,EQ,NSE,NSE,minute,MANAPPURAM__EQ__NSE__NSE__MINUTE,2017-01-01 00:00:00+05:30,2021-01-01 23:59:59+05:30
MFSL,MAX FINANCIAL SERV,EQ,NSE,NSE,minute,MFSL__EQ__NSE__NSE__MINUTE,2017-01-01 00:00:00+05:30,2021-01-01 23:59:59+05:30
MGL,MAHANAGAR GAS.,EQ,NSE,NSE,minute,MGL__EQ__NSE__NSE__MINUTE,2017-01-01 00:00:00+05:30,2021-01-01 23:59:59+05:30
MINDTREE,MINDTREE,EQ,NSE,NSE,minute,MINDTREE__EQ__NSE__NSE__MINUTE,2017-01-01 00:00:00+05:30,2021-01-01 23:59:59+05:30
MPHASIS,MPHASIS,EQ,NSE,NSE,minute,MPHASIS__EQ__NSE__NSE__MINUTE,2017-01-01 00:00:00+05:30,2021-01-01 23:59:59+05:30
MRF,MRF,EQ,NSE,NSE,minute,MRF__EQ__NSE__NSE__MINUTE,2017-01-01 00:00:00+05:30,2021-01-01 23:59:59+05:30
NAM-INDIA,NIPPON L I A M,EQ,NSE,NSE,minute,NAM_INDIA__EQ__NSE__NSE__MINUTE,2017-11-06 00:00:00+05:30,2021-01-01 23:59:59+05:30
NATCOPHARM,NATCO PHARMA.,EQ,NSE,NSE,minute,NATCOPHARM__EQ__NSE__NSE__MINUTE,2017-01-01 00:00:00+05:30,2021-01-01 23:59:59+05:30
NATIONALUM,NATIONAL ALUMINIUM CO,EQ,NSE,NSE,minute,NATIONALUM__EQ__NSE__NSE__MINUTE,2017-01-01 00:00:00+05:30,2021-01-01 23:59:59+05:30
NAVINFLUOR,NAVIN FLUORINE INT.,EQ,NSE,NSE,minute,NAVINFLUOR__EQ__NSE__NSE__MINUTE,2017-01-01 00:00:00+05:30,2021-01-01 23:59:59+05:30
OBEROIRLTY,OBEROI REALTY,EQ,NSE,NSE,minute,OBEROIRLTY__EQ__NSE__NSE__MINUTE,2017-01-01 00:00:00+05:30,2021-01-01 23:59:59+05:30
OIL,OIL INDIA,EQ,NSE,NSE,minute,OIL__EQ__NSE__NSE__MINUTE,2017-01-01 00:00:00+05:30,2021-01-01 23:59:59+05:30
PAGEIND,PAGE INDUSTRIES,EQ,NSE,NSE,minute,PAGEIND__EQ__NSE__NSE__MINUTE,2017-01-01 00:00:00+05:30,2021-01-01 23:59:59+05:30
PFIZER,PFIZER,EQ,NSE,NSE,minute,PFIZER__EQ__NSE__NSE__MINUTE,2017-01-01 00:00:00+05:30,2021-01-01 23:59:59+05:30
PIIND,PI INDUSTRIES,EQ,NSE,NSE,minute,PIIND__EQ__NSE__NSE__MINUTE,2017-01-01 00:00:00+05:30,2021-01-01 23:59:59+05:30
POLYCAB,POLYCAB INDIA,EQ,NSE,NSE,minute,POLYCAB__EQ__NSE__NSE__MINUTE,2019-04-16 00:00:00+05:30,2021-01-01 23:59:59+05:30
PRESTIGE,PRESTIGE ESTATE,EQ,NSE,NSE,minute,PRESTIGE__EQ__NSE__NSE__MINUTE,2017-01-01 00:00:00+05:30,2021-01-01 23:59:59+05:30
RAJESHEXPO,RAJESH EXPORTS,EQ,NSE,NSE,minute,RAJESHEXPO__EQ__NSE__NSE__MINUTE,2017-01-01 00:00:00+05:30,2021-01-01 23:59:59+05:30
RAMCOCEM,THE RAMCO CEMENTS,EQ,NSE,NSE,minute,RAMCOCEM__EQ__NSE__NSE__MINUTE,2017-01-01 00:00:00+05:30,2021-01-01 23:59:59+05:30
RBLBANK,RBL BANK,EQ,NSE,NSE,minute,RBLBANK__EQ__NSE__NSE__MINUTE,2017-01-01 00:00:00+05:30,2021-01-01 23:59:59+05:30
RECLTD,REC,EQ,NSE,NSE,minute,RECLTD__EQ__NSE__NSE__MINUTE,2017-01-01 00:00:00+05:30,2021-01-01 23:59:59+05:30
SAIL,STEEL AUTHORITY OF INDIA,EQ,NSE,NSE,minute,SAIL__EQ__NSE__NSE__MINUTE,2017-01-01 00:00:00+05:30,2021-01-01 23:59:59+05:30
SANOFI,SANOFI INDIA,EQ,NSE,NSE,minute,SANOFI__EQ__NSE__NSE__MINUTE,2017-01-01 00:00:00+05:30,2021-01-01 23:59:59+05:30
SRF,SRF,EQ,NSE,NSE,minute,SRF__EQ__NSE__NSE__MINUTE,2017-01-01 00:00:00+05:30,2021-01-01 23:59:59+05:30
SRTRANSFIN,SHRIRAM TRANSPORT FIN CO.,EQ,NSE,NSE,minute,SRTRANSFIN__EQ__NSE__NSE__MINUTE,2017-01-01 00:00:00+05:30,2021-01-01 23:59:59+05:30
SUNTV,SUN TV NETWORK,EQ,NSE,NSE,minute,SUNTV__EQ__NSE__NSE__MINUTE,2017-01-01 00:00:00+05:30,2021-01-01 23:59:59+05:30
SYNGENE,SYNGENE INTERNATIONAL,EQ,NSE,NSE,minute,SYNGENE__EQ__NSE__NSE__MINUTE,2017-01-01 00:00:00+05:30,2021-01-01 23:59:59+05:30
TATACHEM,TATA CHEMICALS,EQ,NSE,NSE,minute,TATACHEM__EQ__NSE__NSE__MINUTE,2017-01-01 00:00:00+05:30,2021-01-01 23:59:59+05:30
TATAPOWER,TATA POWER CO,EQ,NSE,NSE,minute,TATAPOWER__EQ__NSE__NSE__MINUTE,2017-01-01 00:00:00+05:30,2021-01-01 23:59:59+05:30
TORNTPOWER,TORRENT POWER,EQ,NSE,NSE,minute,TORNTPOWER__EQ__NSE__NSE__MINUTE,2017-01-01 00:00:00+05:30,2021-01-01 23:59:59+05:30
TRENT,TRENT,EQ,NSE,NSE,minute,TRENT__EQ__NSE__NSE__MINUTE,2017-01-01 00:00:00+05:30,2021-01-01 23:59:59+05:30
TVSMOTOR,TVS MOTOR COMPANY ,EQ,NSE,NSE,minute,TVSMOTOR__EQ__NSE__NSE__MINUTE,2017-01-01 00:00:00+05:30,2021-01-01 23:59:59+05:30
UNIONBANK,UNION BANK OF INDIA,EQ,NSE,NSE,minute,UNIONBANK__EQ__NSE__NSE__MINUTE,2017-01-01 00:00:00+05:30,2021-01-01 23:59:59+05:30
VBL,VARUN BEVERAGES,EQ,NSE,NSE,minute,VBL__EQ__NSE__NSE__MINUTE,2017-01-01 00:00:00+05:30,2021-01-01 23:59:59+05:30
VGUARD,V-GUARD IND.,EQ,NSE,NSE,minute,VGUARD__EQ__NSE__NSE__MINUTE,2017-01-01 00:00:00+05:30,2021-01-01 23:59:59+05:30
VOLTAS,VOLTAS,EQ,NSE,NSE,minute,VOLTAS__EQ__NSE__NSE__MINUTE,2017-01-01 00:00:00+05:30,2021-01-01 23:59:59+05:30
WHIRLPOOL,WHIRLPOOL OF INDIA,EQ,NSE,NSE,minute,WHIRLPOOL__EQ__NSE__NSE__MINUTE,2017-01-01 00:00:00+05:30,2021-01-01 23:59:59+05:30
YESBANK,YES BANK,EQ,NSE,NSE,minute,YESBANK__EQ__NSE__NSE__MINUTE,2017-01-01 00:00:00+05:30,2021-01-01 23:59:59+05:30
ZEEL,ZEE ENTERTAINMENT ENT,EQ,NSE,NSE,minute,ZEEL__EQ__NSE__NSE__MINUTE,2017-01-01 00:00:00+05:30,2021-01-01 23:59:59+05:30
